Timestamp,Mask Status,Image Path
2023-11-20 00:16:58,Có,images/1700414218_no_mask.jpg
2023-11-20 00:16:58,Có,images/1700414218_no_mask.jpg
2023-11-20 00:16:58,Có,images/1700414218_no_mask.jpg
2023-11-20 00:16:58,Có,images/1700414218_no_mask.jpg
2023-11-20 00:16:58,Có,images/1700414218_no_mask.jpg
2023-11-20 00:16:58,Có,images/1700414218_no_mask.jpg
2023-11-20 00:16:58,Có,images/1700414218_no_mask.jpg
2023-11-20 00:16:58,Có,images/1700414218_no_mask.jpg
2023-11-20 00:16:58,Có,images/1700414218_no_mask.jpg
2023-11-20 00:16:58,Có,images/1700414218_no_mask.jpg
2023-11-20 00:17:00,Có,images/1700414220_no_mask.jpg
2023-11-20 00:17:00,Có,images/1700414220_no_mask.jpg
2023-11-20 00:17:00,Có,images/1700414220_no_mask.jpg
2023-11-20 00:17:00,Có,images/1700414220_no_mask.jpg
2023-11-20 00:17:01,Có,images/1700414221_no_mask.jpg
2023-11-20 00:17:01,Có,images/1700414221_no_mask.jpg
2023-11-20 00:17:01,Có,images/1700414221_no_mask.jpg
2023-11-20 00:17:01,Có,images/1700414221_no_mask.jpg
2023-11-20 00:17:01,Có,images/1700414221_no_mask.jpg
2023-11-20 00:17:01,Có,images/1700414221_no_mask.jpg
2023-11-20 00:17:01,Có,images/1700414221_no_mask.jpg
2023-11-20 00:17:01,Có,images/1700414221_no_mask.jpg
2023-11-20 00:17:01,Có,images/1700414221_no_mask.jpg
2023-11-20 00:17:02,Có,images/1700414222_no_mask.jpg
2023-11-20 00:17:02,Có,images/1700414222_no_mask.jpg
2023-11-20 00:17:02,Có,images/1700414222_no_mask.jpg
2023-11-20 00:17:03,Có,images/1700414223_no_mask.jpg
2023-11-20 00:17:03,Có,images/1700414223_no_mask.jpg
2023-11-20 00:17:03,Không,images/1700414223_no_mask.jpg
2023-11-20 00:17:03,Không,images/1700414223_no_mask.jpg
2023-11-20 00:17:03,Không,images/1700414223_no_mask.jpg
2023-11-20 00:17:03,Không,images/1700414223_no_mask.jpg
2023-11-20 00:17:03,Không,images/1700414223_no_mask.jpg
2023-11-20 00:17:03,Không,images/1700414223_no_mask.jpg
2023-11-20 00:17:03,Không,images/1700414223_no_mask.jpg
2023-11-20 00:17:03,Không,images/1700414223_no_mask.jpg
2023-11-20 00:17:03,Không,images/1700414223_no_mask.jpg
2023-11-20 00:17:03,Không,images/1700414223_no_mask.jpg
2023-11-20 00:17:03,Không,images/1700414223_no_mask.jpg
2023-11-20 00:17:03,Không,images/1700414223_no_mask.jpg
2023-11-20 00:17:03,Không,images/1700414223_no_mask.jpg
2023-11-20 00:17:03,Không,images/1700414223_no_mask.jpg
2023-11-20 00:17:03,Không,images/1700414223_no_mask.jpg
2023-11-20 00:17:04,Không,images/1700414224_no_mask.jpg
2023-11-20 00:17:04,Không,images/1700414224_no_mask.jpg
2023-11-20 00:17:04,Không,images/1700414224_no_mask.jpg
2023-11-20 00:17:04,Không,images/1700414224_no_mask.jpg
2023-11-20 00:17:04,Không,images/1700414224_no_mask.jpg
2023-11-20 00:17:04,Không,images/1700414224_no_mask.jpg
2023-11-20 00:17:04,Không,images/1700414224_no_mask.jpg
2023-11-20 00:17:04,Không,images/1700414224_no_mask.jpg
2023-11-20 00:17:04,Không,images/1700414224_no_mask.jpg
2023-11-20 00:17:04,Không,images/1700414224_no_mask.jpg
2023-11-20 00:17:04,Không,images/1700414224_no_mask.jpg
2023-11-20 00:17:04,Không,images/1700414224_no_mask.jpg
2023-11-20 00:17:04,Có,images/1700414224_no_mask.jpg
2023-11-20 00:17:04,Không,images/1700414224_no_mask.jpg
2023-11-20 00:17:04,Có,images/1700414224_no_mask.jpg
2023-11-20 00:17:04,Không,images/1700414224_no_mask.jpg
2023-11-20 00:17:04,Không,images/1700414224_no_mask.jpg
2023-11-20 00:17:04,Không,images/1700414224_no_mask.jpg
2023-11-20 00:17:04,Không,images/1700414224_no_mask.jpg
2023-11-20 00:17:04,Không,images/1700414224_no_mask.jpg
2023-11-20 00:17:04,Không,images/1700414224_no_mask.jpg
2023-11-20 00:17:04,Không,images/1700414224_no_mask.jpg
2023-11-20 00:17:04,Không,images/1700414224_no_mask.jpg
2023-11-20 00:17:04,Không,images/1700414224_no_mask.jpg
2023-11-20 00:17:04,Không,images/1700414224_no_mask.jpg
2023-11-20 00:17:04,Không,images/1700414224_no_mask.jpg
2023-11-20 00:17:04,Không,images/1700414224_no_mask.jpg
2023-11-20 00:17:04,Không,images/1700414224_no_mask.jpg
2023-11-20 00:17:04,Không,images/1700414224_no_mask.jpg
2023-11-20 00:17:05,Không,images/1700414225_no_mask.jpg
2023-11-20 00:17:05,Không,images/1700414225_no_mask.jpg
2023-11-20 00:17:05,Không,images/1700414225_no_mask.jpg
2023-11-20 00:17:05,Không,images/1700414225_no_mask.jpg
2023-11-20 00:17:05,Không,images/1700414225_no_mask.jpg
2023-11-20 00:17:05,Có,images/1700414225_no_mask.jpg
2023-11-20 00:17:05,Có,images/1700414225_no_mask.jpg
2023-11-20 00:17:05,Không,images/1700414225_no_mask.jpg
2023-11-20 00:17:05,Có,images/1700414225_no_mask.jpg
2023-11-20 00:17:05,Không,images/1700414225_no_mask.jpg
2023-11-20 00:17:05,Có,images/1700414225_no_mask.jpg
2023-11-20 00:17:05,Không,images/1700414225_no_mask.jpg
2023-11-20 00:17:05,Có,images/1700414225_no_mask.jpg
2023-11-20 00:17:05,Không,images/1700414225_no_mask.jpg
2023-11-20 00:17:05,Có,images/1700414225_no_mask.jpg
2023-11-20 00:17:05,Không,images/1700414225_no_mask.jpg
2023-11-20 00:17:05,Có,images/1700414225_no_mask.jpg
2023-11-20 00:17:05,Không,images/1700414225_no_mask.jpg
2023-11-20 00:17:05,Có,images/1700414225_no_mask.jpg
2023-11-20 00:17:05,Không,images/1700414225_no_mask.jpg
2023-11-20 00:17:05,Có,images/1700414225_no_mask.jpg
2023-11-20 00:17:05,Không,images/1700414225_no_mask.jpg
2023-11-20 00:17:05,Có,images/1700414225_no_mask.jpg
2023-11-20 00:17:05,Không,images/1700414225_no_mask.jpg
2023-11-20 00:17:05,Có,images/1700414225_no_mask.jpg
2023-11-20 00:17:05,Không,images/1700414225_no_mask.jpg
2023-11-20 00:17:05,Có,images/1700414225_no_mask.jpg
2023-11-20 00:17:05,Không,images/1700414225_no_mask.jpg
2023-11-20 00:17:05,Có,images/1700414225_no_mask.jpg
2023-11-20 00:17:05,Không,images/1700414225_no_mask.jpg
2023-11-20 00:17:05,Có,images/1700414225_no_mask.jpg
2023-11-20 00:17:05,Không,images/1700414225_no_mask.jpg
2023-11-20 00:17:06,Có,images/1700414226_no_mask.jpg
2023-11-20 00:17:06,Không,images/1700414226_no_mask.jpg
2023-11-20 00:17:06,Có,images/1700414226_no_mask.jpg
2023-11-20 00:17:06,Không,images/1700414226_no_mask.jpg
2023-11-20 00:17:06,Có,images/1700414226_no_mask.jpg
2023-11-20 00:17:06,Không,images/1700414226_no_mask.jpg
2023-11-20 00:17:06,Có,images/1700414226_no_mask.jpg
2023-11-20 00:17:06,Không,images/1700414226_no_mask.jpg
2023-11-20 00:17:06,Có,images/1700414226_no_mask.jpg
2023-11-20 00:17:06,Không,images/1700414226_no_mask.jpg
2023-11-20 00:17:06,Có,images/1700414226_no_mask.jpg
2023-11-20 00:17:06,Không,images/1700414226_no_mask.jpg
2023-11-20 00:17:06,Có,images/1700414226_no_mask.jpg
2023-11-20 00:17:06,Không,images/1700414226_no_mask.jpg
2023-11-20 00:17:06,Có,images/1700414226_no_mask.jpg
2023-11-20 00:17:06,Không,images/1700414226_no_mask.jpg
2023-11-20 00:17:06,Có,images/1700414226_no_mask.jpg
2023-11-20 00:17:06,Không,images/1700414226_no_mask.jpg
2023-11-20 00:17:06,Có,images/1700414226_no_mask.jpg
2023-11-20 00:17:06,Không,images/1700414226_no_mask.jpg
2023-11-20 00:17:06,Có,images/1700414226_no_mask.jpg
2023-11-20 00:17:06,Không,images/1700414226_no_mask.jpg
2023-11-20 00:17:06,Có,images/1700414226_no_mask.jpg
2023-11-20 00:17:06,Không,images/1700414226_no_mask.jpg
2023-11-20 00:17:06,Có,images/1700414226_no_mask.jpg
2023-11-20 00:17:06,Không,images/1700414226_no_mask.jpg
2023-11-20 00:17:06,Có,images/1700414226_no_mask.jpg
2023-11-20 00:17:06,Không,images/1700414226_no_mask.jpg
2023-11-20 00:17:06,Không,images/1700414226_no_mask.jpg
2023-11-20 00:17:06,Không,images/1700414226_no_mask.jpg
2023-11-20 00:17:06,Không,images/1700414226_no_mask.jpg
2023-11-20 00:17:06,Không,images/1700414226_no_mask.jpg
2023-11-20 00:17:06,Không,images/1700414226_no_mask.jpg
2023-11-20 00:17:06,Không,images/1700414226_no_mask.jpg
2023-11-20 00:17:06,Có,images/1700414226_no_mask.jpg
2023-11-20 00:17:06,Có,images/1700414226_no_mask.jpg
2023-11-20 00:17:06,Có,images/1700414226_no_mask.jpg
2023-11-20 00:17:06,Có,images/1700414226_no_mask.jpg
2023-11-20 00:17:06,Có,images/1700414226_no_mask.jpg
2023-11-20 00:17:07,Có,images/1700414227_no_mask.jpg
2023-11-20 00:17:07,Có,images/1700414227_no_mask.jpg
2023-11-20 00:17:07,Có,images/1700414227_no_mask.jpg
2023-11-20 00:17:07,Có,images/1700414227_no_mask.jpg
2023-11-20 00:17:07,Có,images/1700414227_no_mask.jpg
2023-11-20 00:17:07,Có,images/1700414227_no_mask.jpg
2023-11-20 00:17:07,Có,images/1700414227_no_mask.jpg
2023-11-20 00:17:08,Có,images/1700414228_no_mask.jpg
2023-11-20 00:17:08,Có,images/1700414228_no_mask.jpg
2023-11-20 00:17:08,Có,images/1700414228_no_mask.jpg
2023-11-20 00:17:08,Có,images/1700414228_no_mask.jpg
2023-11-20 00:17:08,Có,images/1700414228_no_mask.jpg
2023-11-20 00:17:08,Có,images/1700414228_no_mask.jpg
2023-11-20 00:17:08,Có,images/1700414228_no_mask.jpg
2023-11-20 00:17:08,Có,images/1700414228_no_mask.jpg
2023-11-20 00:17:08,Có,images/1700414228_no_mask.jpg
2023-11-20 00:17:08,Có,images/1700414228_no_mask.jpg
2023-11-20 00:17:08,Có,images/1700414228_no_mask.jpg
2023-11-20 00:17:08,Có,images/1700414228_no_mask.jpg
2023-11-20 00:17:08,Có,images/1700414228_no_mask.jpg
2023-11-20 00:17:08,Có,images/1700414228_no_mask.jpg
2023-11-20 00:17:08,Có,images/1700414228_no_mask.jpg
2023-11-20 00:17:09,Có,images/1700414229_no_mask.jpg
2023-11-20 00:17:09,Có,images/1700414229_no_mask.jpg
2023-11-20 00:17:09,Có,images/1700414229_no_mask.jpg
2023-11-20 00:17:09,Có,images/1700414229_no_mask.jpg
2023-11-20 00:17:09,Có,images/1700414229_no_mask.jpg
2023-11-20 00:17:09,Có,images/1700414229_no_mask.jpg
2023-11-20 00:17:09,Có,images/1700414229_no_mask.jpg
2023-11-20 00:17:09,Có,images/1700414229_no_mask.jpg
2023-11-20 00:17:09,Có,images/1700414229_no_mask.jpg
2023-11-20 00:17:09,Có,images/1700414229_no_mask.jpg
2023-11-20 00:17:09,Có,images/1700414229_no_mask.jpg
2023-11-20 00:17:09,Có,images/1700414229_no_mask.jpg
2023-11-20 00:17:09,Có,images/1700414229_no_mask.jpg
2023-11-20 00:17:09,Có,images/1700414229_no_mask.jpg
2023-11-20 00:17:09,Có,images/1700414229_no_mask.jpg
2023-11-20 00:17:09,Có,images/1700414229_no_mask.jpg
2023-11-20 00:17:09,Có,images/1700414229_no_mask.jpg
2023-11-20 00:17:09,Có,images/1700414229_no_mask.jpg
2023-11-20 00:17:09,Có,images/1700414229_no_mask.jpg
2023-11-20 00:17:09,Có,images/1700414229_no_mask.jpg
2023-11-20 00:17:09,Có,images/1700414229_no_mask.jpg
2023-11-20 00:17:10,Có,images/1700414230_no_mask.jpg
2023-11-20 00:17:10,Có,images/1700414230_no_mask.jpg
2023-11-20 00:17:10,Có,images/1700414230_no_mask.jpg
2023-11-20 00:17:10,Có,images/1700414230_no_mask.jpg
2023-11-20 00:17:10,Có,images/1700414230_no_mask.jpg
2023-11-20 00:17:10,Có,images/1700414230_no_mask.jpg
2023-11-20 00:17:10,Có,images/1700414230_no_mask.jpg
2023-11-20 00:17:10,Có,images/1700414230_no_mask.jpg
2023-11-20 00:17:10,Có,images/1700414230_no_mask.jpg
2023-11-20 00:17:10,Có,images/1700414230_no_mask.jpg
2023-11-20 00:17:10,Có,images/1700414230_no_mask.jpg
2023-11-20 00:17:14,Có,images/1700414234_no_mask.jpg
2023-11-20 00:17:14,Có,images/1700414234_no_mask.jpg
2023-11-20 00:17:14,Có,images/1700414234_no_mask.jpg
2023-11-20 00:17:15,Có,images/1700414235_no_mask.jpg
2023-11-20 00:17:15,Có,images/1700414235_no_mask.jpg
2023-11-20 00:17:15,Có,images/1700414235_no_mask.jpg
2023-11-20 00:17:15,Có,images/1700414235_no_mask.jpg
2023-11-20 00:17:15,Có,images/1700414235_no_mask.jpg
2023-11-20 00:17:15,Có,images/1700414235_no_mask.jpg
